Time,temp_pred,solar_pred,ghi_pred,dc_pred_svr,dc_pred_lin,dc_pred_adr,dc_pred_br,dc_pred_rf,dc_actual
2017-06-12 00:00:00,15.1,116.82333333333332,0.0,0.0,0.0,0.0,0.0,0.0,0.0
2017-06-12 01:00:00,14.233333333333334,113.80666666666669,0.0,0.0,0.0,0.0,0.0,0.0,0.0
2017-06-12 02:00:00,13.4,108.15333333333336,0.0,0.0,0.0,0.0,0.0,0.0,0.0
2017-06-12 03:00:00,12.733333333333334,100.43333333333334,0.0,0.0,0.0,0.0,0.0,0.0,0.0
2017-06-12 04:00:00,13.3,91.22333333333334,5.490866042673588,0.0,5.822232203555372,5.780299087998201,5.876986315335218,5.1016448628234174,0.553295
2017-06-12 05:00:00,15.666666666666666,80.88666666666667,32.53839462623,11.745974695840076,36.84017792048478,36.754883456799696,36.905043348455614,38.91230434775125,25.582966666666668
2017-06-12 06:00:00,18.76666666666667,69.98,179.21472238004208,208.1091302235762,208.59373349398405,208.54971132368078,208.6395025859324,145.518373481939,104.73605
2017-06-12 07:00:00,21.633333333333336,58.63,350.2861142754555,420.04333545775086,410.8470057651952,410.8509511713595,410.8673965816479,310.74835700505054,347.4335
2017-06-12 08:00:00,24.03333333333333,47.11333333333332,516.2303023338318,602.8100783811932,608.9724087137544,609.0105285824438,608.9680807786738,527.5361162675188,614.2710000000001
2017-06-12 09:00:00,26.266666666666666,35.77333333333333,684.8791291713715,762.5302901141763,810.8679918423583,810.9406718733918,810.8377039114215,788.0399421729052,797.8356666666666
2017-06-12 10:00:00,28.200000000000003,25.32333333333333,757.254911839962,795.1499105023822,897.9951668765463,898.0441717709875,897.9624459861689,815.8996133716751,920.1686666666668
2017-06-12 11:00:00,29.8,17.813333333333333,784.3896374702454,783.7731374516072,929.9727697859191,929.9928067468138,929.9452100819963,707.1644738680734,992.004
2017-06-12 12:00:00,30.83333333333333,17.740000000000002,777.173854291439,761.9376604306809,917.2287912923388,917.2629712596059,917.2051729231068,695.8274862069222,1002.6175
2017-06-12 13:00:00,31.33333333333333,25.17,676.2956676483154,665.2772078596537,788.5584667323418,788.6132325651504,788.5530702515432,626.4148646958718,902.3685
2017-06-12 14:00:00,31.26666666666667,35.6,510.6292127370834,496.99520113778584,582.2258816947871,582.2796305966582,582.2508987739112,637.7222908604168,750.8644999999999
2017-06-12 15:00:00,30.666666666666668,46.92666666666667,387.27028632164,367.4609408040794,427.9906338259388,428.0695250372614,428.03288045118535,431.28366298448674,581.7408333333333
2017-06-12 16:00:00,30.23333333333333,58.443333333333335,262.55457274615765,220.55872166495948,271.3094566231191,271.4177050380462,271.36937116763943,263.0886282860674,351.6176666666667
2017-06-12 17:00:00,27.33333333333333,69.79333333333334,134.6612409055233,78.234147239745,120.89024000497727,120.97753809420578,120.96417197401843,127.4509698953191,113.06251666666668
2017-06-12 18:00:00,23.433333333333337,80.70333333333333,44.9748590067029,0.0,20.593873592184327,20.661318566692607,20.670466447671654,36.17092098970139,22.36886833333333
2017-06-12 19:00:00,20.133333333333333,91.04,0.0,0.0,0.0,0.0,0.0,0.0,1.911745
2017-06-12 20:00:00,18.633333333333333,100.26666666666664,0.0,0.0,0.0,0.0,0.0,0.0,0.0
2017-06-12 21:00:00,17.6,108.0,0.0,0.0,0.0,0.0,0.0,0.0,0.0
2017-06-12 22:00:00,16.633333333333333,113.68333333333334,0.0,0.0,0.0,0.0,0.0,0.0,0.0
2017-06-12 23:00:00,15.666666666666666,116.73333333333332,0.0,0.0,0.0,0.0,0.0,0.0,0.0
2017-06-13 00:00:00,14.6,116.8011111111111,0.0,0.0,0.0,0.0,0.0,0.0,0.0
2017-06-13 01:00:00,13.644444444444446,113.78888888888888,0.0,0.0,0.0,0.0,0.0,0.0,0.0
2017-06-13 02:00:00,12.666666666666666,108.14111111111112,0.0,0.0,0.0,0.0,0.0,0.0,0.0
2017-06-13 03:00:00,11.811111111111112,100.42444444444445,0.0,0.0,0.0,0.0,0.0,0.0,0.0
2017-06-13 04:00:00,12.199999999999998,91.21777777777775,0.0,0.0,3.682570126043832,3.616295117730327,3.736677790842635,0.0,0.6311199999999999
2017-06-13 05:00:00,14.422222222222222,80.88222222222221,58.84893982857466,58.977555984692465,73.35924517690076,73.26725507436335,73.41486753132858,37.25653866088121,21.67195
2017-06-13 06:00:00,17.288888888888888,69.98,160.19345200061798,190.68264994369423,191.7704706186349,191.68636679741815,191.81840890534735,165.71985448618037,95.70115
2017-06-13 07:00:00,20.01111111111111,58.63,358.870911359787,446.90728590223915,427.66000176273377,427.6388141947225,427.6750642213802,374.8104348861321,340.5135
2017-06-13 08:00:00,22.611111111111114,47.11444444444444,513.5715814232826,614.9882178834846,611.5164113224733,611.525986664152,611.5100755175833,556.1676268235695,595.8891666666666
2017-06-13 09:00:00,25.08888888888889,35.77111111111111,647.3516380786896,733.0080833278143,770.6795057961991,770.7058965206033,770.6568019190925,732.3543021747291,790.1268333333334
2017-06-13 10:00:00,27.200000000000003,25.317777777777778,735.0148274898529,784.097610290194,875.3978423818553,875.4136691047088,875.3690474651283,774.4922865043252,904.6393333333332
2017-06-13 11:00:00,28.96666666666667,17.797777777777778,778.4077221155167,788.8736971970854,926.1789796958014,926.1792934440901,926.1514209608185,723.3912028585592,767.6036666666666
2017-06-13 12:00:00,30.111111111111114,17.713333333333335,744.7868749499321,738.2469535633865,881.3798131439617,881.3793475780531,881.3633293650207,682.4387206431624,498.3683333333333
2017-06-13 13:00:00,30.677777777777777,25.14333333333333,618.1613564491272,610.2120813119459,721.6120785983816,721.6169718072191,721.6206801488464,587.5538387192499,582.2795
2017-06-13 14:00:00,30.622222222222224,35.57333333333333,478.7770938873291,467.2490448304486,546.7040573050515,546.7249716917316,546.7362168027702,616.1002750029231,590.0223333333332
2017-06-13 15:00:00,30.022222222222226,46.90222222222223,390.09235909581184,377.88015281368973,433.98463730244583,434.05291830866867,434.0249511318117,416.7648998031461,620.45
2017-06-13 16:00:00,29.611111111111114,58.41777777777778,259.6614131331444,222.87673757671112,270.37162652943357,270.4660135731632,270.43114725143306,268.84714585548164,341.2391666666666
2017-06-13 17:00:00,26.844444444444445,69.76777777777778,115.41407782584427,56.05502413691763,99.83370518132236,99.89918805270399,99.91177567253919,124.5409570236445,110.2113
2017-06-13 18:00:00,23.111111111111114,80.67777777777776,39.13076880574226,0.0,14.914388997672246,14.971747547764233,14.991930126825991,38.54521074131185,16.806293333333333
2017-06-13 19:00:00,19.87777777777778,91.01333333333334,1.9890681020915508,0.0,0.0,0.0,0.0,3.0308204003652857,1.6856483333333334
2017-06-13 20:00:00,18.311111111111117,100.23888888888888,0.0,0.0,0.0,0.0,0.0,0.0,0.0
2017-06-13 21:00:00,17.266666666666666,107.97333333333334,0.0,0.0,0.0,0.0,0.0,0.0,0.0
2017-06-13 22:00:00,16.344444444444445,113.65777777777778,0.0,0.0,0.0,0.0,0.0,0.0,0.0
2017-06-13 23:00:00,15.422222222222222,116.71111111111112,0.0,0.0,0.0,0.0,0.0,0.0,0.0
2017-06-14 00:00:00,14.4,116.7948148148148,0.0,0.0,0.0,0.0,0.0,0.0,0.0
2017-06-14 01:00:00,13.525925925925929,113.78518518518518,0.0,0.0,0.0,0.0,0.0,0.0,0.0
2017-06-14 02:00:00,12.688888888888888,108.13814814814816,0.0,0.0,0.0,0.0,0.0,0.0,0.0
2017-06-14 03:00:00,11.98148148148148,100.42259259259258,0.0,0.0,0.0,0.0,0.0,0.0,0.0
2017-06-14 04:00:00,12.533333333333331,91.21703703703704,3.5969631406478584,0.0,6.647446497397249,6.589760837447726,6.7012472464154635,3.847330940592777,2.0168483333333334
2017-06-14 05:00:00,14.896296296296295,80.88296296296296,48.92249592021108,41.069131539895,59.563662102496,59.47427487728852,59.6227815163436,33.669213672257534,47.093066666666665
2017-06-14 06:00:00,17.751851851851853,69.98,143.82287326455116,163.4042876148062,170.30425866527355,170.21841424044575,170.35735991515014,125.63331076444726,133.33268333333334
2017-06-14 07:00:00,20.41481481481481,58.63,363.4285460114479,449.5603445744737,431.491132103622,431.48048523468935,431.5057690782872,376.01158309482,241.8275
2017-06-14 08:00:00,22.94814814814815,47.11592592592592,494.5760523974896,586.68908627841,587.4132078697469,587.416999317735,587.4124807723873,477.3333727838375,505.4988333333333
2017-06-14 09:00:00,25.41851851851852,35.77148148148149,646.0489570498466,727.4128137129486,767.7917709881315,767.8235552457938,767.7700337837065,725.4155638139977,654.3246666666666
2017-06-14 10:00:00,27.53333333333333,25.31703703703704,733.1561077833176,777.6788081699066,871.8302877011764,871.8512105343465,871.8026133455234,774.5315475237168,673.3398333333333
2017-06-14 11:00:00,29.28888888888889,17.793703703703702,746.3255051374435,750.9718361482211,886.4703227106895,886.4561368908093,886.4517754828167,696.2250835793105,410.1242833333333
2017-06-14 12:00:00,30.41481481481481,17.704444444444444,716.5411531329155,704.6655861178835,846.3432230169861,846.3303156315874,846.3347176554428,610.9221314193691,828.3118333333333
2017-06-14 13:00:00,30.9037037037037,25.134444444444444,622.9862941503525,612.6871252704642,726.4863303188185,726.4984880848667,726.4941095898516,585.2078166044943,401.75966666666665
2017-06-14 14:00:00,30.762962962962963,35.56444444444444,517.0442315340042,510.3749625206681,591.9638545856868,592.0118379392503,591.9862798200239,644.7829341776569,128.64046666666667
2017-06-14 15:00:00,30.0962962962963,46.89296296296297,372.96260917186737,355.8974568463535,413.1830768179451,413.24169399349455,413.22802474461,411.7661240964897,185.173
2017-06-14 16:00:00,29.648148148148152,58.41037037037037,255.51705519855025,217.16504653013874,265.2660024792856,265.35835972087153,265.3266870343856,273.00318362766257,184.24716666666663
2017-06-14 17:00:00,26.925925925925924,69.76037037037038,126.17685735970736,70.04931536897402,112.39832082779743,112.47215801127088,112.4737391490552,128.13228175527001,51.0985
2017-06-14 18:00:00,23.21481481481481,80.67037037037036,35.71668464690447,0.0,10.414651885191413,10.471706980070765,10.493292435340749,38.34140636364981,28.013371666666668
2017-06-14 19:00:00,20.103703703703705,91.00444444444445,0.0,0.0,0.0,0.0,0.0,0.0,2.160076666666667
2017-06-14 20:00:00,18.68148148148148,100.23185185185184,0.0,0.0,0.0,0.0,0.0,0.0,0.0
2017-06-14 21:00:00,17.755555555555556,107.96444444444444,0.0,0.0,0.0,0.0,0.0,0.0,0.0
2017-06-14 22:00:00,16.825925925925926,113.65037037037035,0.0,0.0,0.0,0.0,0.0,0.0,0.0
2017-06-14 23:00:00,15.862962962962962,116.70481481481482,0.0,0.0,0.0,0.0,0.0,0.0,0.0
2017-06-15 00:00:00,14.7,116.8064197530864,0.0,0.0,0.0,0.0,0.0,0.0,0.0
2017-06-15 01:00:00,13.801234567901234,113.79358024691358,0.0,0.0,0.0,0.0,0.0,0.0,0.0
2017-06-15 02:00:00,12.918518518518518,108.14419753086422,0.0,0.0,0.0,0.0,0.0,0.0,0.0
2017-06-15 03:00:00,12.175308641975308,100.42679012345678,0.0,0.0,0.0,0.0,0.0,0.0,0.0
2017-06-15 04:00:00,12.677777777777775,91.21938271604938,9.51263157557696,0.0,13.147010497491783,13.09586381947372,13.199534972519581,9.431005392875894,1.1880933333333334
2017-06-15 05:00:00,14.995061728395063,80.88395061728396,47.39602490514517,38.17490565105695,57.337341627613085,57.248851906325626,57.39704687911201,34.58023659085785,16.905591666666666
2017-06-15 06:00:00,17.935802469135805,69.98,169.0369027853012,199.1978904286254,199.75369246596838,199.68746565737993,199.80054597481134,151.8029409566961,93.29563333333334
2017-06-15 07:00:00,20.686419753086422,58.63,322.6809848845005,390.3530436266822,381.60757041685076,381.57596142193654,381.63338500898254,337.2994533668162,327.1881666666667
2017-06-15 08:00:00,23.19753086419753,47.11456790123456,514.8532114624977,610.2671920911988,610.6889467505234,610.7104163731063,610.6833896274592,555.8965352477057,582.1763333333333
2017-06-15 09:00:00,25.59135802469136,35.77197530864198,633.3928604125977,710.2168458667865,751.9412914722845,751.9682405929414,751.9231935105942,720.0456528904166,786.4241666666666
2017-06-15 10:00:00,27.64444444444445,25.319382716049383,723.5981953144073,765.6954894426062,859.9366211680579,859.953545971798,859.9116558617466,751.9938621553447,921.0176666666666
2017-06-15 11:00:00,29.35185185185185,17.801604938271606,751.9258951544762,756.035589137843,892.9161817412022,892.9068511811671,892.896279099308,704.0136852758744,453.1851666666667
2017-06-15 12:00:00,30.453086419753088,17.71925925925926,701.5699564218521,688.4565068481825,828.2514212201339,828.2298015084511,828.2468875893574,625.5572933979087,203.0239
2017-06-15 13:00:00,30.9716049382716,25.149259259259264,609.526698410511,597.0460028483004,710.0851228366997,710.0900955924175,710.096534623787,605.1156059821683,630.865
2017-06-15 14:00:00,30.883950617283958,35.57925925925926,493.0796831846237,481.01380823979025,562.7705908596365,562.805665294277,562.7994980877671,610.2426280447277,812.7006666666667
2017-06-15 15:00:00,30.261728395061727,46.90728395061729,397.7739351689816,384.77043309300427,442.2136045056654,442.2913777734836,442.2523572903073,413.4917648575032,341.77810000000005
2017-06-15 16:00:00,29.830864197530868,58.42382716049383,255.0853350162506,214.8529680976613,264.0025160983102,264.0981840102008,264.0636442423889,272.22038995948077,100.7559
2017-06-15 17:00:00,27.034567901234567,69.77382716049384,164.89618584513664,121.83102150850861,158.31118982554824,158.41200722040188,158.3766671448622,151.69687188642362,113.76948333333333
2017-06-15 18:00:00,23.25308641975309,80.68382716049382,25.201774951070547,0.0,0.0,0.0,0.0,40.186531183427824,44.854191666666665
2017-06-15 19:00:00,20.03827160493827,91.01925925925929,4.731205943971872,0.0,0.0,0.0,0.0,3.8955905323270263,1.11703
2017-06-15 20:00:00,18.541975308641977,100.2458024691358,0.0,0.0,0.0,0.0,0.0,0.0,0.0
2017-06-15 21:00:00,17.54074074074074,107.97925925925928,0.0,0.0,0.0,0.0,0.0,0.0,0.0
2017-06-15 22:00:00,16.601234567901233,113.66382716049384,0.0,0.0,0.0,0.0,0.0,0.0,0.0
2017-06-15 23:00:00,15.650617283950616,116.71641975308644,0.0,0.0,0.0,0.0,0.0,0.0,0.0
2017-06-16 00:00:00,14.566666666666668,116.8007818930041,0.0,0.0,0.0,0.0,0.0,0.0,0.0
2017-06-16 01:00:00,13.657201646090536,113.78921810699588,0.0,0.0,0.0,0.0,0.0,0.0,0.0
2017-06-16 02:00:00,12.758024691358024,108.14115226337452,0.0,0.0,0.0,0.0,0.0,0.0,0.0
2017-06-16 03:00:00,11.989300411522631,100.42460905349792,0.0,0.0,0.0,0.0,0.0,0.0,0.0
2017-06-16 04:00:00,12.470370370370368,91.2180658436214,0.4617802482098341,0.0,3.1462809760622865,3.085409539587736,3.2007811541921507,0.0,0.3959833333333333
2017-06-16 05:00:00,14.77119341563786,80.8830452674897,66.17292334511876,68.18867307339193,80.72249634124772,80.64179317819823,80.7768643979268,34.723036480783385,27.510493333333333
2017-06-16 06:00:00,17.658847736625518,69.98,172.54208335280418,206.31298304957696,205.0661649916901,204.99695324497534,205.11157517007678,154.33478711599744,122.9637
2017-06-16 07:00:00,20.37078189300412,58.63,337.486858189106,413.8051693873867,400.6068760846091,400.57878752112157,400.62821702912544,392.75868196010134,350.242
2017-06-16 08:00:00,22.918930041152265,47.11497942386831,509.2860196828842,606.0965173357619,605.1448041497467,605.1574529678994,605.1401738454088,522.3996805795401,535.1658333333334
2017-06-16 09:00:00,25.366255144032923,35.77152263374486,663.3849875926971,748.6534584670803,788.75975752232,788.8016555427967,788.7333850050437,805.378521749999,736.9318333333333
2017-06-16 10:00:00,27.45925925925926,25.3180658436214,742.5599219202995,788.9978805703269,883.3876019113176,883.4131578128553,883.3573250514785,798.3889061892811,754.0493333333333
2017-06-16 11:00:00,29.20246913580247,17.79769547325103,746.1228814125061,751.9097054043078,886.5726314896913,886.5567248982302,886.553968183317,696.2250835793105,293.4668333333333
2017-06-16 12:00:00,30.326337448559677,17.712345679012348,698.900869011879,687.2634771879399,825.5715275353576,825.5457351586002,825.5674599414112,618.2823016108716,420.82233333333335
2017-06-16 13:00:00,30.85102880658436,25.142345679012347,618.5872732996941,608.5195761073148,721.4250265159477,721.4334535842615,721.4338470073532,589.3801341240119,258.5369
2017-06-16 14:00:00,30.756378600823044,35.57234567901234,514.9674337506294,508.0431258155305,589.497453589945,589.5440634020528,589.5204000060352,644.7829341776569,192.27715
2017-06-16 15:00:00,30.126748971193415,46.90082304526749,395.3506864309311,383.2443700669178,439.86086139938055,439.93446862315665,439.8999997039773,420.20308305914887,300.26216666666664
2017-06-16 16:00:00,29.696707818930047,58.41732510288066,254.6873377561569,215.62867920180742,264.07145103248746,264.16426477634656,264.13243640470057,272.22038995948077,306.1509666666667
2017-06-16 17:00:00,26.934979423868317,69.76732510288066,141.1569498628378,90.3621766611066,130.29296620988836,130.3766368832325,130.36447365895134,128.77506462223985,58.412033333333326
2017-06-16 18:00:00,23.19300411522634,80.67732510288066,44.595448307693005,0.0,21.128106585761383,21.19050577149633,21.20437403294646,36.17092098970139,14.542656666666666
2017-06-16 19:00:00,20.00658436213992,91.01234567901236,1.332506576552987,0.0,0.0,0.0,0.0,2.79715019900722,1.1685883333333331
2017-06-16 20:00:00,18.511522633744857,100.23884773662552,0.0,0.0,0.0,0.0,0.0,0.0,0.0
2017-06-16 21:00:00,17.520987654320987,107.97234567901236,0.0,0.0,0.0,0.0,0.0,0.0,0.0
2017-06-16 22:00:00,16.590534979423868,113.65732510288063,0.0,0.0,0.0,0.0,0.0,0.0,0.0
2017-06-16 23:00:00,15.645267489711934,116.71078189300412,0.0,0.0,0.0,0.0,0.0,0.0,0.0
2017-06-17 00:00:00,14.555555555555555,116.8006721536351,0.0,0.0,0.0,0.0,0.0,0.0,0.0
2017-06-17 01:00:00,13.661454046639234,113.78932784636488,0.0,0.0,0.0,0.0,0.0,0.0,0.0
2017-06-17 02:00:00,12.788477366255144,108.14116598079563,0.0,0.0,0.0,0.0,0.0,0.0,0.0
2017-06-17 03:00:00,12.04869684499314,100.42466392318244,0.0,0.0,0.0,0.0,0.0,0.0,0.0
2017-06-17 04:00:00,12.560493827160492,91.21816186556926,0.0,0.0,2.230293343404582,2.170828864379094,2.285085458758124,0.0,0.4362316666666667
2017-06-17 05:00:00,14.887517146776409,80.88331961591221,48.383040461689234,40.29443873510101,58.952816643292856,58.86292188149057,59.012060087505056,34.660123823303074,14.439551666666668
2017-06-17 06:00:00,17.782167352537726,69.98,161.80523596704006,189.64621516594286,191.71356593273643,191.63980789506044,191.76201970395417,152.6530309777372,49.08064666666667
2017-06-17 07:00:00,20.49067215363512,58.63,343.6341287493706,421.301795240981,407.48450232364763,407.4626135086038,407.50446262384344,397.96139456527044,55.17985
2017-06-17 08:00:00,23.02153635116598,47.11515775034293,512.3821051120758,608.9936993574678,608.438529483455,608.4550998694029,608.4332838182639,546.1863998007219,205.0961
2017-06-17 09:00:00,25.458710562414268,35.771659807956105,656.1618906259537,738.9370502652062,779.7385965356096,779.7776167367487,779.7142894309951,742.4615732460811,339.957
2017-06-17 10:00:00,27.54567901234568,25.31816186556928,734.0910006761551,778.5484090467497,872.8990799868204,872.9208459948261,872.8711830920141,777.7970798155709,444.67016666666666
2017-06-17 11:00:00,29.281069958847738,17.797668038408776,724.6406326889992,728.2032276186492,860.5340269462858,860.5058492223297,860.5211338319344,636.9458262915421,417.68213333333335
2017-06-17 12:00:00,30.398079561042525,17.71201646090535,702.6562765240669,690.298098591466,829.7794142096126,829.7573776286131,829.7745007260861,623.0866963799994,66.39035
2017-06-17 13:00:00,30.908779149519887,25.142016460905356,612.5797914862633,601.1797665385149,713.9995489646903,714.0052165309218,714.0100514381857,600.8277690093632,60.58565
2017-06-17 14:00:00,30.801097393689982,35.57201646090534,522.6215036213398,516.4243081339209,598.4822958416086,598.534647500429,598.5033249418447,635.8076288657597,25.334331666666667
2017-06-17 15:00:00,30.16159122085048,46.900356652949256,396.4679152369499,384.2442850221503,441.05862253697285,441.13359823003003,441.0975352905468,420.20308305914887,60.95215
2017-06-17 16:00:00,29.725240054869687,58.41717421124829,258.37065675854683,220.10804607743114,268.36691867001724,268.46262800829953,268.42699469878613,277.29557635544205,49.10586166666667
2017-06-17 17:00:00,26.965157750342936,69.76717421124829,137.38478423655033,84.9787190363146,125.65488475308062,125.73670840322815,125.72743671024882,131.86635121628723,9.4066
2017-06-17 18:00:00,23.22030178326475,80.67717421124829,39.37785956636071,0.0,14.770931956928925,14.830504233747384,14.848616633376185,38.54521074131185,1.4286133333333335
2017-06-17 19:00:00,20.04951989026063,91.01201646090536,0.0,0.0,0.0,0.0,0.0,0.0,0.0929066666666666
2017-06-17 20:00:00,18.57832647462277,100.2388340192044,0.0,0.0,0.0,0.0,0.0,0.0,0.0
2017-06-17 21:00:00,17.605761316872428,107.97201646090537,0.0,0.0,0.0,0.0,0.0,0.0,0.0
2017-06-17 22:00:00,16.67256515775034,113.65717421124828,0.0,0.0,0.0,0.0,0.0,0.0,0.0
2017-06-17 23:00:00,15.719615912208504,116.71067215363512,0.0,0.0,0.0,0.0,0.0,0.0,0.0
2017-06-18 00:00:00,14.60740740740741,116.80262459990854,0.0,0.0,0.0,0.0,0.0,0.0,0.0
2017-06-18 01:00:00,13.706630086877,113.79070873342478,0.0,0.0,0.0,0.0,0.0,0.0,0.0
2017-06-18 02:00:00,12.821673525377228,108.14217192501144,0.0,0.0,0.0,0.0,0.0,0.0,0.0
2017-06-18 03:00:00,12.071101966163694,100.42535436671238,0.0,0.0,0.0,0.0,0.0,0.0,0.0
2017-06-18 04:00:00,12.56954732510288,91.21853680841332,0.0,0.0,2.1935321044366436,2.134242389710913,2.2483409606632296,0.0,0.0
2017-06-18 05:00:00,14.884590763603113,80.88343850022864,42.65588739514351,31.557844021575434,52.10703007303163,52.013414210311566,52.16776631818599,35.64926905236735,4.644604999999999
2017-06-18 06:00:00,17.792272519433016,69.98,160.18554992973804,187.1935824261599,189.73351338452972,189.65890907178198,189.78241014520353,157.19511888924637,46.23573333333333
2017-06-18 07:00:00,20.51595793324189,58.63,366.88253006339073,453.4272526700535,435.21942609316284,435.21290050737446,435.2333515019254,359.6256941910804,127.24868333333332
2017-06-18 08:00:00,23.045999085505255,47.114901691815255,520.660740673542,619.4330111419764,618.2527316250505,618.2750620468258,618.2453666512525,546.2703258131415,189.7345
2017-06-18 09:00:00,25.47210791037952,35.77171925011431,648.5467110276222,729.7253726300698,770.5664567484168,770.6008545659429,770.544167533344,735.4275841905625,259.81683333333336
2017-06-18 10:00:00,27.54979423868313,25.31853680841336,721.4957038760185,764.604782460946,857.8010704234883,857.8148532683352,857.7764764405515,736.0814213029313,293.58566666666667
2017-06-18 11:00:00,29.27846364883402,17.798989483310468,752.4946534633636,757.6008326056715,893.8948457600965,893.8844670427919,893.874658079903,704.0136852758744,466.18666666666667
2017-06-18 12:00:00,30.392501143118427,17.714540466392318,730.9257204532623,720.0407305242045,863.6486662101732,863.6446507692712,863.6363423421126,668.8560661439387,657.0501666666667
2017-06-18 13:00:00,30.910470964791944,25.144540466392325,615.1082633733749,603.949684688048,717.0182390467146,717.0255832488866,717.0280800620375,589.6929390033408,888.4503333333333
2017-06-18 14:00:00,30.813808870598997,35.574540466392314,531.8580546081066,527.009054892965,609.4886052420455,609.5471367421945,609.5072386552281,661.911069236774,746.3761666666667
2017-06-18 15:00:00,30.18335619570188,46.90282121627801,394.24356973171234,381.2663687523024,438.3056640286564,438.3796515624192,438.3451971075872,421.3600197355414,569.2358833333333
2017-06-18 16:00:00,29.750937357110203,58.4194421582076,254.5218394547701,214.89438255984678,263.6531951798694,263.7469484636962,263.7143242889368,272.22038995948077,125.03358333333334
2017-06-18 17:00:00,26.978235025148606,69.7694421582076,130.3222567141056,75.2624251595619,117.1440146920449,117.22158628680586,117.21843661779307,127.7073171060334,108.16745
2017-06-18 18:00:00,23.22213077274806,80.67944215820758,41.15020105242729,0.0,16.883909463013346,16.944674210354993,16.961131097475196,36.270896198338406,12.824926666666666
2017-06-18 19:00:00,20.03145861911294,91.01454046639236,9.496164621785285,0.0,0.0,0.0,0.0,8.021240720061787,0.7038233333333334
2017-06-18 20:00:00,18.543941472336535,100.2411614083219,0.0,0.0,0.0,0.0,0.0,0.0,0.0
2017-06-18 21:00:00,17.55582990397805,107.97454046639233,0.0,0.0,0.0,0.0,0.0,0.0,0.0
2017-06-18 22:00:00,16.621444901691813,113.65944215820758,0.0,0.0,0.0,0.0,0.0,0.0,0.0
2017-06-18 23:00:00,15.671833561957015,116.71262459990857,0.0,0.0,0.0,0.0,0.0,0.0,0.0
2017-06-19 00:00:00,13.166666666666666,116.54333333333334,0.0,0.0,0.0,0.0,0.0,0.0,0.0
2017-06-19 01:00:00,12.733333333333334,113.61333333333334,0.0,0.0,0.0,0.0,0.0,0.0,0.0
2017-06-19 02:00:00,12.4,108.04333333333334,0.0,0.0,0.0,0.0,0.0,0.0,0.0
2017-06-19 03:00:00,12.066666666666668,100.40333333333332,0.0,0.0,0.0,0.0,0.0,0.0,0.0
2017-06-19 04:00:00,12.433333333333332,91.24333333333334,0.0,0.0,2.722580037094334,2.6609711772499165,2.777099646768704,0.0,0.0
2017-06-19 05:00:00,14.066666666666668,80.95333333333333,135.87494811415672,179.79690670825457,166.96322845912778,166.91456909582763,166.99793414224953,111.45941747562213,3.2443833333333334
2017-06-19 06:00:00,16.900000000000002,70.08,281.08810886740685,372.31835239434696,338.0125762242133,337.9995570477993,338.0280208256717,169.7560782628908,21.48366333333333
2017-06-19 07:00:00,20.03333333333333,58.75,514.4145749807358,661.919662226372,613.7178914205839,613.7979402347909,613.6921508336471,614.0519401637321,187.0715
2017-06-19 08:00:00,22.566666666666663,47.23333333333333,699.4078735113144,852.0683263704491,834.1149571350229,834.2438949474282,834.059766933117,751.7914540153437,497.2046666666666
2017-06-19 09:00:00,24.5,35.873333333333335,786.9578582048416,904.4224293745314,940.1299306297437,940.2356332702689,940.0694544760651,848.6106968329152,780.8748333333333
2017-06-19 10:00:00,25.933333333333337,25.346666666666664,900.6560975313187,980.0281637117939,1078.8094966172423,1078.9077604467466,1078.7349196591776,975.3494371712354,633.53785
2017-06-19 11:00:00,27.03333333333333,17.650000000000002,857.1395044922829,896.5925976933182,1028.3531553330922,1028.3658702065572,1028.3015046641842,824.548908348912,58.646166666666666
2017-06-19 12:00:00,27.73333333333333,17.353333333333335,819.7497670054436,847.4592084617598,980.998990806164,980.9979581913738,980.9588173711338,798.4967888652894,529.7153333333333
2017-06-19 13:00:00,27.866666666666664,24.72,755.1005243062973,795.8541551436241,897.2347123853139,897.2698940453336,897.2026626652097,752.3190151006463,898.2823333333333
2017-06-19 14:00:00,27.399999999999995,35.15,637.2990591526031,691.2559932728925,749.8249736894888,749.8822335140302,749.8100536951066,716.1114392142445,838.5551666666667
2017-06-19 15:00:00,26.33333333333333,46.48,606.5732636451721,688.0076250156351,708.3821565212307,708.5150937192142,708.3593379191955,599.4255876108757,652.6148333333333
2017-06-19 16:00:00,25.666666666666668,57.99666666666667,476.46984818577766,547.0658127462866,546.1897508394999,546.3441898798769,546.1855665235059,412.12242442194156,156.14177999999998
2017-06-19 17:00:00,22.166666666666668,69.35000000000001,258.4050156623125,294.1936940115441,290.21655201742306,290.28100967119076,290.2488343907936,176.4156414126276,13.890585
2017-06-19 18:00:00,18.96666666666667,80.26,92.40106123685835,81.01969607648155,95.72095808303474,95.72991393229077,95.77719976855398,39.765728382490074,16.102921666666667
2017-06-19 19:00:00,16.366666666666664,90.14333333333332,2.736735973507166,0.0,0.0,0.0,0.0,3.6859251585177537,0.0
2017-06-19 20:00:00,15.2,99.83333333333331,0.0,0.0,0.0,0.0,0.0,0.0,0.0
2017-06-19 21:00:00,14.433333333333332,107.59,0.0,0.0,0.0,0.0,0.0,0.0,0.0
2017-06-19 22:00:00,13.7,113.31,0.0,0.0,0.0,0.0,0.0,0.0,0.0
2017-06-19 23:00:00,13.033333333333331,116.42333333333332,0.0,0.0,0.0,0.0,0.0,0.0,0.0
2017-06-20 00:00:00,12.822222222222225,116.53777777777778,0.0,0.0,0.0,0.0,0.0,0.0,0.0
2017-06-20 01:00:00,12.47777777777778,113.61111111111111,0.0,0.0,0.0,0.0,0.0,0.0,0.0
2017-06-20 02:00:00,12.166666666666666,108.04444444444444,0.0,0.0,0.0,0.0,0.0,0.0,0.0
2017-06-20 03:00:00,11.788888888888891,100.40777777777778,0.0,0.0,0.0,0.0,0.0,0.0,0.0
2017-06-20 04:00:00,12.111111111111112,91.25111111111111,0.0,0.0,4.0142622035938205,3.9466486314686033,4.068160055621425,0.0,0.0370233333333333
2017-06-20 05:00:00,13.68888888888889,80.96111111111111,128.50204569101334,170.82613969053807,159.65063542292657,159.59020156163504,159.68654291178612,91.52358659138167,16.533918333333336
2017-06-20 06:00:00,16.599999999999998,70.08999999999999,299.90123838186264,402.59880558462174,361.739137162828,361.73260143568825,361.74907705284363,191.53398597664327,85.91038333333333
2017-06-20 07:00:00,19.944444444444443,58.76,513.9280808866024,662.2339795685413,613.4855037578634,613.563664663692,613.4597092986066,614.0519401637321,312.9758166666667
2017-06-20 08:00:00,22.722222222222214,47.24444444444444,703.0627323389053,854.6175140842213,837.8558359833858,837.9901643384154,837.7999713953645,787.4632344357328,539.54955
2017-06-20 09:00:00,24.866666666666664,35.88111111111112,816.6414071321487,933.1917358941786,974.1889250750603,974.3206363454424,974.1213693351843,863.0101923861147,824.5358333333334
2017-06-20 10:00:00,26.51111111111111,25.352222222222224,907.97262018919,979.2166008507414,1085.2385042319104,1085.3524186437958,1085.1631038397607,962.4300642841091,825.539
2017-06-20 11:00:00,27.811111111111117,17.650000000000002,849.6245555877686,878.0153786305432,1016.2223536009785,1016.2449422049052,1016.1741469579197,812.0129213872465,811.9915
2017-06-20 12:00:00,28.711111111111112,17.34111111111111,804.108500123024,817.8558530341936,958.342146166218,958.349435740079,958.3079380022565,766.9324602567137,1082.868333333333
2017-06-20 13:00:00,29.022222222222226,24.703333333333333,706.0980815291405,727.0957119846787,833.9199094867455,833.9453637751719,833.9028972005881,649.8759761594746,789.8763333333334
2017-06-20 14:00:00,28.73333333333333,35.13333333333333,598.637358546257,629.4492170488617,698.1757479021328,698.2332581510881,698.1734974611938,696.4401613292013,813.2776666666666
2017-06-20 15:00:00,27.777777777777786,46.46333333333333,602.2218142151833,664.327909377297,697.3672190903666,697.5244732712205,697.3483038868126,586.7544981687895,488.5781666666666
2017-06-20 16:00:00,27.122222222222224,57.97888888888889,470.3642026185989,522.1753845027026,533.0305294355616,533.2083607254165,533.0307299775208,389.66938196933404,166.57346666666666
2017-06-20 17:00:00,23.355555555555554,69.33333333333333,249.1815976947546,270.5905414935561,274.39741118094383,274.4782410912575,274.4343861569473,166.61328076699243,79.21941666666666
2017-06-20 18:00:00,19.722222222222225,80.24333333333334,93.7310974225402,77.75233712073893,94.28348102156907,94.30738451189215,94.34083068944314,40.229901826390545,24.286065
2017-06-20 19:00:00,16.755555555555556,90.13111111111112,25.226200617849827,0.0,16.39723099133193,16.422046435448433,16.454727832576776,23.375393930945712,0.8105816666666666
2017-06-20 20:00:00,15.5,99.81777777777778,0.0,0.0,0.0,0.0,0.0,0.0,0.0
2017-06-20 21:00:00,14.677777777777775,107.57666666666668,0.0,0.0,0.0,0.0,0.0,0.0,0.0
2017-06-20 22:00:00,13.9,113.3,0.0,0.0,0.0,0.0,0.0,0.0,0.0
2017-06-20 23:00:00,13.21111111111111,116.41444444444444,0.0,0.0,0.0,0.0,0.0,0.0,0.0
2017-06-21 00:00:00,13.062962962962962,116.53703703703702,0.0,0.0,0.0,0.0,0.0,0.0,0.0
2017-06-21 01:00:00,12.703703703703704,113.6114814814815,0.0,0.0,0.0,0.0,0.0,0.0,0.0
2017-06-21 02:00:00,12.355555555555554,108.04592592592591,0.0,0.0,0.0,0.0,0.0,0.0,0.0
2017-06-21 03:00:00,11.951851851851854,100.41037037037036,0.0,0.0,0.0,0.0,0.0,0.0,0.0
2017-06-21 04:00:00,12.281481481481483,91.25481481481482,0.3403402525582351,0.0,3.732640893869057,3.668499817136603,3.7867688445750236,0.0,0.1224166666666666
2017-06-21 05:00:00,13.91851851851852,80.96481481481482,83.84524901211262,100.38977214542938,105.25244094536156,105.16778710243634,105.30046460258465,38.097468375155636,15.155253333333333
2017-06-21 06:00:00,16.900000000000002,70.09333333333332,299.0334415435791,398.8215199464502,359.4891164015224,359.4877234160202,359.4998492439724,186.8136802445399,82.58226666666665
2017-06-21 07:00:00,20.29259259259259,58.76333333333333,505.0453264415264,646.3402906753231,601.4447438966713,601.5238247217716,601.4219309790705,496.8322356800726,325.08983333333333
2017-06-21 08:00:00,22.996296296296293,47.24925925925925,637.0623468160629,768.7917702199978,757.7217366553875,757.8190293660172,757.6836558539208,692.4898119712249,599.7278333333333
2017-06-21 09:00:00,25.022222222222226,35.884814814814824,763.9626729488373,870.9448209479781,910.4839126834274,910.5848689587115,910.4304313106666,807.7296501783625,803.2574999999999
2017-06-21 10:00:00,26.548148148148147,25.356296296296296,830.0281829833984,896.4496959510739,991.758350456899,991.8230983936546,991.7034095565532,817.4849235155377,932.7076666666668
2017-06-21 11:00:00,27.748148148148147,17.650000000000002,844.3562115430832,873.4870223482835,1010.167833135029,1010.1858596262772,1010.1208853249008,799.4723841109743,996.7245
2017-06-21 12:00:00,28.548148148148147,17.338148148148147,876.9374196529388,894.3718547469922,1046.2034885357511,1046.2543028253262,1046.1499187348925,872.6936619902243,1001.5438333333332
2017-06-21 13:00:00,28.729629629629628,24.697777777777777,749.5269091129303,778.1524363518998,887.1028403977184,887.1505207041233,887.0739158876904,687.8974884246013,728.2690833333332
2017-06-21 14:00:00,28.311111111111103,35.12777777777777,700.9438961744308,752.7949980687304,822.3787654112299,822.4937531070013,822.3489511307431,768.5819865272908,429.35735
2017-06-21 15:00:00,27.23703703703704,46.45777777777778,525.873340934515,577.2428184422527,608.1327545086056,608.2308567102275,608.1327952853061,480.17655175223166,360.2083333333333
2017-06-21 16:00:00,26.52962962962963,57.97518518518518,428.5560150444508,474.56985528823026,485.3606968031961,485.50053187596035,485.37071508590896,350.87893060092506,402.711
2017-06-21 17:00:00,22.64074074074074,69.32777777777778,281.3370956480503,322.2913420032496,315.78267686727196,315.87054242607456,315.8098870774654,164.86213543115636,131.8223833333333
2017-06-21 18:00:00,19.062962962962967,80.23777777777778,97.32346311211586,87.66173554100726,101.24455499805033,101.25825431458087,101.29971898332597,38.186256992203376,28.638816666666667
2017-06-21 19:00:00,16.24074074074074,90.1248148148148,29.748953668400645,3.7706863095584766,23.8911172935618,23.909044041893303,23.946460364285617,25.100945970395696,2.3286450000000003
2017-06-21 20:00:00,15.166666666666666,99.81370370370372,0.0,0.0,0.0,0.0,0.0,0.0,0.0
2017-06-21 21:00:00,14.5037037037037,107.5722222222222,0.0,0.0,0.0,0.0,0.0,0.0,0.0
2017-06-21 22:00:00,13.766666666666666,113.29666666666668,0.0,0.0,0.0,0.0,0.0,0.0,0.0
2017-06-21 23:00:00,13.08148148148148,116.4125925925926,0.0,0.0,0.0,0.0,0.0,0.0,0.0
2017-06-22 00:00:00,13.017283950617283,116.53938271604936,0.0,0.0,0.0,0.0,0.0,0.0,0.0
2017-06-22 01:00:00,12.638271604938272,113.611975308642,0.0,0.0,0.0,0.0,0.0,0.0,0.0
2017-06-22 02:00:00,12.307407407407403,108.04456790123456,0.0,0.0,0.0,0.0,0.0,0.0,0.0
2017-06-22 03:00:00,11.935802469135806,100.40716049382716,0.0,0.0,0.0,0.0,0.0,0.0,0.0
2017-06-22 04:00:00,12.27530864197531,91.24975308641974,12.041826891712844,0.0,17.772424961986246,17.715608122879374,17.8234857110613,10.198663448070889,0.3541783333333334
2017-06-22 05:00:00,13.89135802469136,80.95975308641975,93.48327925801276,115.42679743796376,116.90605202828873,116.82700492987487,116.95150851067227,38.87400896364877,19.340966666666667
2017-06-22 06:00:00,16.8,70.08777777777777,279.3074876964092,370.50658990826696,336.2771569482659,336.26118879750845,336.2928679030556,172.41182311957087,88.22506666666666
2017-06-22 07:00:00,20.09012345679012,58.75777777777777,472.3530441522598,603.6823272817893,563.1201050981932,563.1743737459781,563.1054682399028,471.1658378008433,255.72233333333327
2017-06-22 08:00:00,22.761728395061724,47.24234567901234,646.3258634209633,783.3163350655641,769.7637637488762,769.8624883945891,769.7228219728584,694.7023397502418,80.14136666666667
2017-06-22 09:00:00,24.79629629629629,35.87975308641976,724.9724242687225,828.6779471294195,864.7124116150286,864.7840853039486,864.668708988335,779.7000703388268,140.48258333333334
2017-06-22 10:00:00,26.33086419753086,25.351728395061727,838.7453914284706,908.8147815892212,1003.0747806182859,1003.1409609474985,1003.0171516432874,815.4467302091949,256.094
2017-06-22 11:00:00,27.530864197530864,17.650000000000002,758.5328531861305,786.5766219074092,908.2813085532142,908.2402802926434,908.2564035546977,778.6454182372433,1015.3963333333334
2017-06-22 12:00:00,28.33086419753086,17.344197530864196,809.3253296613693,828.4638485189528,966.117678923737,966.1211606811969,966.0813795370283,807.2813244745468,712.5391666666667
2017-06-22 13:00:00,28.539506172839506,24.70703703703704,798.5888161659241,833.3590116225009,946.6061903157861,946.6817892339371,946.5640561859071,714.4596661072361,517.5943333333333
2017-06-22 14:00:00,28.14814814814814,35.13703703703703,754.4605996608734,815.4638984064186,887.1067270828921,887.2529985945249,887.0625891908837,786.5063213040091,136.9908166666667
2017-06-22 15:00:00,27.116049382716053,46.46703703703704,550.035075366497,608.6306862323207,637.5431062743909,637.654489048128,637.5365839046441,496.2937159250912,352.65771666666666
2017-06-22 16:00:00,26.439506172839504,57.98358024691358,451.0524317622185,504.9842817179206,512.6534290884148,512.8060523902166,512.6573796559657,366.26635931528676,60.797583333333336
2017-06-22 17:00:00,22.72098765432099,69.33703703703704,255.80432806909084,285.5825159564955,284.8801669687731,284.9532936175977,284.9141989123088,168.63655164200998,84.6817
2017-06-22 18:00:00,19.25061728395062,80.24703703703705,75.62329530715942,54.220118020352736,74.49844853340288,74.50189092657273,74.55963552336127,37.36365808557353,30.60898333333333
2017-06-22 19:00:00,16.454320987654317,90.13308641975308,15.607145478017628,0.0,6.091465943361737,6.104454785795092,6.150904848302467,17.893421996336308,14.755108333333334
2017-06-22 20:00:00,15.28888888888889,99.8216049382716,0.0,0.0,0.0,0.0,0.0,0.0,0.0
2017-06-22 21:00:00,14.538271604938268,107.57962962962962,0.0,0.0,0.0,0.0,0.0,0.0,0.0
2017-06-22 22:00:00,13.78888888888889,113.3022222222222,0.0,0.0,0.0,0.0,0.0,0.0,0.0
2017-06-22 23:00:00,13.10864197530864,116.4167901234568,0.0,0.0,0.0,0.0,0.0,0.0,0.0
2017-06-23 00:00:00,12.967489711934157,116.53806584362138,0.0,0.0,0.0,0.0,0.0,0.0,0.0
2017-06-23 01:00:00,12.60658436213992,113.61152263374488,0.0,0.0,0.0,0.0,0.0,0.0,0.0
2017-06-23 02:00:00,12.27654320987654,108.04497942386833,0.0,0.0,0.0,0.0,0.0,0.0,0.0
2017-06-23 03:00:00,11.892181069958852,100.40843621399176,0.0,0.0,0.0,0.0,0.0,0.0,0.0
2017-06-23 04:00:00,12.222633744855967,91.25189300411525,23.102292500436302,16.562554194293593,31.226283995699966,31.175576339631768,31.274348071727246,29.82684299093769,0.4211933333333333
2017-06-23 05:00:00,13.832921810699588,80.96189300411523,87.6269066631794,106.73302091937228,110.1275253354985,110.0436468977515,110.17440048135978,39.17067211573586,30.707553333333333
2017-06-23 06:00:00,16.766666666666666,70.09037037037035,294.7563065588474,393.613048984048,354.9072061743949,354.90052684990394,354.91880843786527,177.499992323655,106.08353333333334
2017-06-23 07:00:00,20.109053497942384,58.76037037037037,487.9295045137405,624.8793111816263,581.6924844983047,581.7571105040201,581.673804849431,493.90871438202726,294.4365
2017-06-23 08:00:00,22.82674897119341,47.24534979423868,686.497320652008,832.7353152022924,817.5993091095912,817.7250135757249,817.547976338285,727.661390841976,505.395
2017-06-23 09:00:00,24.89506172839506,35.881893004115234,759.2362487912178,867.1970180374574,905.3391453037983,905.4346445342672,905.2866625859499,810.2895550688418,561.4485000000001
2017-06-23 10:00:00,26.463374485596702,25.35341563786008,763.0063474774361,824.7376928337353,911.8526267954392,911.8728310834477,911.81506459768,837.0889576332415,905.5226666666666
2017-06-23 11:00:00,27.69670781893004,17.650000000000002,609.0002328753471,621.5416815398816,728.5685550204004,728.4349133542785,728.5830902572159,749.372374602307,926.258
2017-06-23 12:00:00,28.530041152263376,17.341152263374486,727.1998224854469,739.550470565764,866.9838347627167,866.9384617854596,866.9694056427809,642.0241917037155,938.5206666666668
2017-06-23 13:00:00,28.76378600823045,24.702716049382715,667.60237210989,688.0553370744726,788.8679835801535,788.8639033979011,788.8605534189568,676.8879113474594,927.9361666666666
2017-06-23 14:00:00,28.397530864197524,35.13271604938271,639.9747607707977,681.6953609333988,749.0246214843312,749.1022531016907,749.0109178797649,721.3833964904546,826.4014999999999
2017-06-23 15:00:00,27.37695473251029,46.46271604938272,485.4362024068832,525.2814608997273,559.1473819450551,559.2222846855576,559.1582628540363,466.879328502212,607.0585
2017-06-23 16:00:00,26.697119341563788,57.97921810699589,369.1752117872238,394.8559091843697,413.58254935300243,413.6875668286338,413.60841786619324,312.6052430539386,252.8096833333333
2017-06-23 17:00:00,22.90576131687243,69.33271604938271,231.1915078163147,249.26944511085364,254.6688882142687,254.72970016802233,254.70971645782188,166.15040598740214,67.46165
2017-06-23 18:00:00,19.34526748971194,80.24271604938272,114.39549770951272,110.98793016008315,120.54502392492861,120.5750349849685,120.59625132296163,46.99290384011619,27.88571333333333
2017-06-23 19:00:00,16.483539094650208,90.12967078189298,0.0,0.0,0.0,0.0,0.0,0.0,2.0688483333333334
2017-06-23 20:00:00,15.318518518518518,99.81769547325104,0.0,0.0,0.0,0.0,0.0,0.0,0.0
2017-06-23 21:00:00,14.57325102880658,107.57617283950616,0.0,0.0,0.0,0.0,0.0,0.0,0.0
2017-06-23 22:00:00,13.818518518518518,113.29962962962964,0.0,0.0,0.0,0.0,0.0,0.0,0.0
2017-06-23 23:00:00,13.13374485596708,116.41460905349794,0.0,0.0,0.0,0.0,0.0,0.0,0.0
2017-06-24 00:00:00,13.0159122085048,116.53816186556924,0.0,0.0,0.0,0.0,0.0,0.0,0.0
2017-06-24 01:00:00,12.649519890260631,113.61165980795612,0.0,0.0,0.0,0.0,0.0,0.0,0.0
2017-06-24 02:00:00,12.313168724279834,108.04515775034294,0.0,0.0,0.0,0.0,0.0,0.0,0.0
2017-06-24 03:00:00,11.926611796982172,100.40865569272977,0.0,0.0,0.0,0.0,0.0,0.0,0.0
2017-06-24 04:00:00,12.259807956104254,91.2521536351166,56.307748310267925,68.99388455446729,70.83532394366222,70.80658208020735,70.87477013710085,52.577121977811984,0.2920716666666667
2017-06-24 05:00:00,13.880932784636489,80.9621536351166,77.92752009630203,91.47889973819328,98.32026049502326,98.23108077273872,98.36976437951533,37.51754055638989,17.28531333333333
2017-06-24 06:00:00,16.822222222222223,70.09049382716047,218.3300209343433,280.07496888350187,263.17336322103824,263.118798868631,263.20506778773057,163.43525850460344,86.81298333333334
2017-06-24 07:00:00,20.1639231824417,58.76049382716048,426.05288702249527,539.04573425166,507.38263372564523,507.4086778106179,507.38024816303636,430.2843259428457,326.29633333333334
2017-06-24 08:00:00,22.861591220850475,47.24565157750342,527.2011750340462,630.1208624463503,626.723475088793,626.7478442199579,626.7138879073404,526.3120708318557,557.2286666666666
2017-06-24 09:00:00,24.904526748971197,35.8821536351166,645.3419363498688,733.0824357228389,768.9280173173038,768.9507721335561,768.9053526559119,732.8417705087464,754.5381666666667
2017-06-24 10:00:00,26.447462277091905,25.3538134430727,643.9132037758827,691.1735997177133,769.3187166532041,769.2623699909826,769.3122843996308,733.2349813293723,133.25793333333334
2017-06-24 11:00:00,27.658573388203013,17.650000000000002,411.3292143344879,397.08659321436335,492.0382492499968,491.7773200934933,492.10443256225193,633.1543656356961,126.48308666666668
2017-06-24 12:00:00,28.469684499314127,17.34116598079561,629.3859857916832,634.5083256054091,750.1082865503807,749.9991445372473,750.1193356830873,733.1171091698394,364.3210333333333
2017-06-24 13:00:00,28.67764060356653,24.70251028806584,501.3380309343338,500.7106159407861,590.1363992638794,590.0242324714252,590.1723086696795,593.3192062498036,83.773
2017-06-24 14:00:00,28.285596707818925,35.13251028806584,595.8937976956367,631.759028779137,696.6947248439154,696.74201614227,696.6923425853817,712.6680812744837,145.89095
2017-06-24 15:00:00,27.243347050754465,46.46251028806585,449.7808502316475,482.08837382403874,516.9932925832813,517.042840642676,517.0132491024316,388.17878419836876,585.5388333333334
2017-06-24 16:00:00,26.555418381344307,57.97932784636489,307.2268237769604,314.50334967842196,339.97850843120995,340.0411863707477,340.02031635079584,267.17214228905766,382.5239833333333
2017-06-24 17:00:00,22.755829903978054,69.33251028806585,181.7323666810989,180.78058366031138,196.05240472068846,196.07871530327603,196.10588931494917,147.6712909717879,121.58625
2017-06-24 18:00:00,19.21961591220851,80.24251028806584,94.49107948690651,82.37627078797885,97.21847002679723,97.23336184780734,97.27466692677143,39.299831940914096,25.984628333333333
2017-06-24 19:00:00,16.39286694101509,90.12919067215364,6.780764835886657,0.0,0.0,0.0,0.0,7.051084631093156,1.5212733333333333
2017-06-24 20:00:00,15.258024691358024,99.81766803840878,0.0,0.0,0.0,0.0,0.0,0.0,0.0
2017-06-24 21:00:00,14.538408779149515,107.57600823045266,0.0,0.0,0.0,0.0,0.0,0.0,0.0
2017-06-24 22:00:00,13.791358024691355,113.29950617283951,0.0,0.0,0.0,0.0,0.0,0.0,0.0
2017-06-24 23:00:00,13.1079561042524,116.41466392318245,0.0,0.0,0.0,0.0,0.0,0.0,0.0
2017-06-25 00:00:00,13.000228623685414,116.53853680841333,0.0,0.0,0.0,0.0,0.0,0.0,0.0
2017-06-25 01:00:00,12.631458619112944,113.61171925011432,0.0,0.0,0.0,0.0,0.0,0.0,0.0
2017-06-25 02:00:00,12.29903978052126,108.04490169181528,0.0,0.0,0.0,0.0,0.0,0.0,0.0
2017-06-25 03:00:00,11.918198445358945,100.40808413351624,0.0,0.0,0.0,0.0,0.0,0.0,0.0
2017-06-25 04:00:00,12.252583447645176,91.2512665752172,0.0,0.0,3.444326404968303,3.3793856078235534,3.49849285722472,0.0,0.0
2017-06-25 05:00:00,13.86840420667581,80.96126657521718,43.88595522940159,39.07980748979105,57.61132348986719,57.50010157748138,57.669711619242925,36.304935915915856,13.961818333333332
2017-06-25 06:00:00,16.796296296296294,70.08954732510286,158.2989742308855,191.27923337852684,191.39959842281357,191.30609741897197,191.44696198872768,140.82696445787403,78.25071666666666
2017-06-25 07:00:00,20.121033379058066,58.75954732510287,364.2850541770458,453.59354938426173,433.5976320060873,433.5833070857209,433.6113276413698,376.99277484491745,331.88733333333334
2017-06-25 08:00:00,22.8166895290352,47.24444901691815,458.4053007662296,541.0501943767416,544.531664438294,544.5111239578653,544.5399938303699,388.6965928753437,604.8183333333333
2017-06-25 09:00:00,24.86529492455418,35.881266575217204,542.8347465395927,609.2179581267998,646.3484495156268,646.3048198562452,646.3525323627518,660.5088929093142,815.4231666666667
2017-06-25 10:00:00,26.41390032007316,25.3529858253315,535.2721626162529,565.5316506169354,639.3718204707542,639.2452695287249,639.3937513445314,630.8369036721615,942.1078333333334
2017-06-25 11:00:00,27.62871513488797,17.650000000000002,437.7127821445465,427.8546033103994,523.7492099081683,523.5046102131242,523.8084332429524,642.429635949542,1007.35
2017-06-25 12:00:00,28.44352994970279,17.342171925011428,529.0181425511837,523.2583097779327,630.0361254936857,629.8622350273978,630.0733848978232,668.0948819828299,1013.134
2017-06-25 13:00:00,28.66031092821217,24.7040877914952,568.7789782881737,578.240442854612,670.9562262571246,670.8869303344409,670.9744549082042,611.8751204207703,952.4796666666666
2017-06-25 14:00:00,28.277091906721527,35.1340877914952,539.615344285965,565.4803375218125,629.3420139377034,629.3531260082693,629.3543388144128,657.7187151537602,807.1641666666667
2017-06-25 15:00:00,27.24545038866027,46.46408779149521,469.95825558900833,507.40222287668513,541.1432471019943,541.2057704160588,541.1579262718433,421.53981052052467,622.8775
2017-06-25 16:00:00,26.564014631915867,57.98070873342479,370.0519123673439,397.40219776443723,415.16721094566475,415.2702917633782,415.19259534732,313.8678084650497,368.24733333333336
2017-06-25 17:00:00,22.794192958390493,69.33408779149521,233.1568498313427,253.0073773135304,257.4703996351947,257.530377404812,257.51049998876675,166.39409699193993,107.87456666666668
2017-06-25 18:00:00,19.271833561957024,80.2440877914952,102.41869297623634,93.76076579115225,106.4991337468708,106.52010358734951,106.55335366478367,38.990597310750296,17.567526666666666
2017-06-25 19:00:00,16.44357567443987,90.13064929126656,13.152001271024346,0.0,3.1969721537702234,3.208161254703404,3.2570360228183,11.63270737631427,2.22363
2017-06-25 20:00:00,15.288477366255144,99.81898948331047,0.0,0.0,0.0,0.0,0.0,0.0,0.0
2017-06-25 21:00:00,14.549977137631451,107.57727023319616,0.0,0.0,0.0,0.0,0.0,0.0,0.0
2017-06-25 22:00:00,13.799588477366257,113.30045267489712,0.0,0.0,0.0,0.0,0.0,0.0,0.0
2017-06-25 23:00:00,13.116780978509372,116.4153543667124,0.0,0.0,0.0,0.0,0.0,0.0,0.0
